{
  "action_delta_mean_mean": 0.007126676684739269,
  "action_delta_mean_std": 4.865302218055834e-09,
  "ee_acc_p2p_mean": 2.1992510811024664,
  "ee_acc_p2p_std": 4.440892098500626e-16,
  "ee_acc_peak_mean": 2.2709453617078106,
  "ee_acc_peak_std": 0.0,
  "ee_acc_rms_mean": 0.3591669464043748,
  "ee_acc_rms_std": 2.564010183467261e-07,
  "ee_jerk_rms_mean": 6.5553488897639145,
  "ee_jerk_rms_std": 9.001475486201022e-07,
  "episode_mean": 14.5,
  "episode_std": 8.65544144839919,
  "final_error_m_mean": 0.0001961939514289932,
  "final_error_m_std": 1.4932506142631454e-09,
  "hold_5mm_mean": 1.0,
  "hold_5mm_std": 0.0,
  "hold_action_delta_mean_mean": 0.00013741797394775345,
  "hold_action_delta_mean_std": 1.8311742520289391e-09,
  "hold_ee_acc_p2p_mean": 0.001463650334841888,
  "hold_ee_acc_p2p_std": 6.507369409235071e-07,
  "hold_ee_acc_rms_mean": 0.0005472119923274555,
  "hold_ee_acc_rms_std": 2.2715791271187918e-07,
  "hold_ee_jerk_rms_mean": 0.01658721144021176,
  "hold_ee_jerk_rms_std": 4.283632064854891e-06,
  "hold_joint_acc_rms_mean": 0.0,
  "hold_joint_acc_rms_std": 0.0,
  "hold_vibration_index_mean": 0.0002874425382242104,
  "hold_vibration_index_std": 1.4480082010858177e-07,
  "joint_acc_rms_mean": 0.0,
  "joint_acc_rms_std": 0.0,
  "mean_error_m_mean": 0.017734098926577267,
  "mean_error_m_std": 4.686472929278483e-09,
  "min_error_m_mean": 0.00012194166651363692,
  "min_error_m_std": 5.2390351439810395e-09,
  "qualified_action_delta_mean_mean": 0.00013741797394775345,
  "qualified_action_delta_mean_std": 1.8311742520289391e-09,
  "qualified_ee_acc_p2p_mean": 0.001463650334841888,
  "qualified_ee_acc_p2p_std": 6.507369409235071e-07,
  "qualified_ee_acc_rms_mean": 0.0005472119923274555,
  "qualified_ee_acc_rms_std": 2.2715791271187918e-07,
  "qualified_ee_jerk_rms_mean": 0.01658721144021176,
  "qualified_ee_jerk_rms_std": 4.283632064854891e-06,
  "qualified_joint_acc_rms_mean": 0.0,
  "qualified_joint_acc_rms_std": 0.0,
  "qualified_vibration_index_mean": 0.0002874425382242104,
  "qualified_vibration_index_std": 1.4480082010858177e-07,
  "reward_sum_mean": 30.19234082987403,
  "reward_sum_std": 2.432014249525161e-07,
  "success_10mm_mean": 1.0,
  "success_10mm_std": 0.0,
  "success_20mm_mean": 1.0,
  "success_20mm_std": 0.0,
  "success_30mm_mean": 1.0,
  "success_30mm_std": 0.0,
  "success_50mm_mean": 1.0,
  "success_50mm_std": 0.0,
  "success_5mm_mean": 1.0,
  "success_5mm_std": 0.0,
  "vibration_index_mean": 0.20696634548797896,
  "vibration_index_std": 1.4853072074539917e-07
}