{
  "action_delta_mean_mean": 0.009688008492731045,
  "action_delta_mean_std": 0.0012915471648151347,
  "ee_acc_p2p_mean": 2.228973907825584,
  "ee_acc_p2p_std": 0.4950279878634448,
  "ee_acc_peak_mean": 2.676319860763621,
  "ee_acc_peak_std": 0.3816425511758564,
  "ee_acc_rms_mean": 0.4303225120427331,
  "ee_acc_rms_std": 0.054628145723897015,
  "ee_jerk_rms_mean": 7.736135765570745,
  "ee_jerk_rms_std": 1.3892222211056735,
  "episode_mean": 14.5,
  "episode_std": 8.65544144839919,
  "final_error_m_mean": 0.0003220230158196568,
  "final_error_m_std": 0.0007193269886364357,
  "hold_5mm_mean": 1.0,
  "hold_5mm_std": 0.0,
  "hold_action_delta_mean_mean": 0.0007078589387969074,
  "hold_action_delta_mean_std": 0.000848659313415616,
  "hold_ee_acc_p2p_mean": 0.009168332534545015,
  "hold_ee_acc_p2p_std": 0.011259207205390519,
  "hold_ee_acc_rms_mean": 0.005184533183935106,
  "hold_ee_acc_rms_std": 0.006845611786881542,
  "hold_ee_jerk_rms_mean": 0.04889377987795916,
  "hold_ee_jerk_rms_std": 0.058052191347975214,
  "hold_joint_acc_rms_mean": 0.0,
  "hold_joint_acc_rms_std": 0.0,
  "hold_vibration_index_mean": 0.002074683856695745,
  "hold_vibration_index_std": 0.002545144438481385,
  "joint_acc_rms_mean": 0.0,
  "joint_acc_rms_std": 0.0,
  "mean_error_m_mean": 0.03645147567386409,
  "mean_error_m_std": 0.01926061631510664,
  "min_error_m_mean": 0.0002710005432530116,
  "min_error_m_std": 0.0005599505571781616,
  "qualified_action_delta_mean_mean": 0.0007078589387969074,
  "qualified_action_delta_mean_std": 0.000848659313415616,
  "qualified_ee_acc_p2p_mean": 0.009168332534545015,
  "qualified_ee_acc_p2p_std": 0.011259207205390519,
  "qualified_ee_acc_rms_mean": 0.005184533183935106,
  "qualified_ee_acc_rms_std": 0.006845611786881542,
  "qualified_ee_jerk_rms_mean": 0.04889377987795916,
  "qualified_ee_jerk_rms_std": 0.058052191347975214,
  "qualified_joint_acc_rms_mean": 0.0,
  "qualified_joint_acc_rms_std": 0.0,
  "qualified_vibration_index_mean": 0.002074683856695745,
  "qualified_vibration_index_std": 0.002545144438481385,
  "reward_sum_mean": 25.23740821922901,
  "reward_sum_std": 6.616296574558812,
  "success_10mm_mean": 1.0,
  "success_10mm_std": 0.0,
  "success_20mm_mean": 1.0,
  "success_20mm_std": 0.0,
  "success_30mm_mean": 1.0,
  "success_30mm_std": 0.0,
  "success_50mm_mean": 1.0,
  "success_50mm_std": 0.0,
  "success_5mm_mean": 1.0,
  "success_5mm_std": 0.0,
  "vibration_index_mean": 0.24798312709656598,
  "vibration_index_std": 0.03146714397512747
}