{
  "action_delta_mean_mean": 0.010471515111354357,
  "action_delta_mean_std": 0.001421346217496332,
  "ee_acc_p2p_mean": 2.5354140426389984,
  "ee_acc_p2p_std": 0.6576718776765393,
  "ee_acc_peak_mean": 3.047711504514046,
  "ee_acc_peak_std": 0.49927806405007596,
  "ee_acc_rms_mean": 0.4893758212423004,
  "ee_acc_rms_std": 0.07102604961663231,
  "ee_jerk_rms_mean": 8.868295146549155,
  "ee_jerk_rms_std": 1.8506947817551733,
  "episode_mean": 14.5,
  "episode_std": 8.65544144839919,
  "final_error_m_mean": 0.00025613006614638804,
  "final_error_m_std": 0.0007644949698368419,
  "hold_5mm_mean": 1.0,
  "hold_5mm_std": 0.0,
  "hold_action_delta_mean_mean": 0.0004232764450443166,
  "hold_action_delta_mean_std": 0.00047862219540648765,
  "hold_ee_acc_p2p_mean": 0.006647855686721963,
  "hold_ee_acc_p2p_std": 0.009640276228051785,
  "hold_ee_acc_rms_mean": 0.0032106599686262836,
  "hold_ee_acc_rms_std": 0.004646424821610321,
  "hold_ee_jerk_rms_mean": 0.032576398061092866,
  "hold_ee_jerk_rms_std": 0.039910787046741794,
  "hold_joint_acc_rms_mean": 0.0,
  "hold_joint_acc_rms_std": 0.0,
  "hold_vibration_index_mean": 0.0014129187785016173,
  "hold_vibration_index_std": 0.002029959349168999,
  "joint_acc_rms_mean": 0.0,
  "joint_acc_rms_std": 0.0,
  "mean_error_m_mean": 0.0329041968763859,
  "mean_error_m_std": 0.017186370378633808,
  "min_error_m_mean": 0.00021562077143742365,
  "min_error_m_std": 0.0005888819827592763,
  "qualified_action_delta_mean_mean": 0.0004232764450443166,
  "qualified_action_delta_mean_std": 0.00047862219540648765,
  "qualified_ee_acc_p2p_mean": 0.006647855686721963,
  "qualified_ee_acc_p2p_std": 0.009640276228051785,
  "qualified_ee_acc_rms_mean": 0.0032106599686262836,
  "qualified_ee_acc_rms_std": 0.004646424821610321,
  "qualified_ee_jerk_rms_mean": 0.032576398061092866,
  "qualified_ee_jerk_rms_std": 0.039910787046741794,
  "qualified_joint_acc_rms_mean": 0.0,
  "qualified_joint_acc_rms_std": 0.0,
  "qualified_vibration_index_mean": 0.0014129187785016173,
  "qualified_vibration_index_std": 0.002029959349168999,
  "reward_sum_mean": 26.55158520488939,
  "reward_sum_std": 6.0892620885071205,
  "success_10mm_mean": 1.0,
  "success_10mm_std": 0.0,
  "success_20mm_mean": 1.0,
  "success_20mm_std": 0.0,
  "success_30mm_mean": 1.0,
  "success_30mm_std": 0.0,
  "success_50mm_mean": 1.0,
  "success_50mm_std": 0.0,
  "success_5mm_mean": 1.0,
  "success_5mm_std": 0.0,
  "vibration_index_mean": 0.2820132730811692,
  "vibration_index_std": 0.040911095629622564
}