{
  "action_delta_mean_mean": 0.007808073393122371,
  "action_delta_mean_std": 3.346423755246288e-09,
  "ee_acc_p2p_mean": 2.623369829409058,
  "ee_acc_p2p_std": 4.440892098500626e-16,
  "ee_acc_peak_mean": 2.6921815558011284,
  "ee_acc_peak_std": 4.440892098500626e-16,
  "ee_acc_rms_mean": 0.42348448562692537,
  "ee_acc_rms_std": 2.964065452512966e-07,
  "ee_jerk_rms_mean": 7.878182226309208,
  "ee_jerk_rms_std": 1.0367856879797446e-06,
  "episode_mean": 14.5,
  "episode_std": 8.65544144839919,
  "final_error_m_mean": 8.094567948749933e-05,
  "final_error_m_std": 1.16575948274726e-09,
  "hold_5mm_mean": 1.0,
  "hold_5mm_std": 0.0,
  "hold_action_delta_mean_mean": 8.224796894559672e-05,
  "hold_action_delta_mean_std": 1.4264487617846848e-09,
  "hold_ee_acc_p2p_mean": 0.000338610300044148,
  "hold_ee_acc_p2p_std": 6.247415242628021e-07,
  "hold_ee_acc_rms_mean": 0.00013340733088038393,
  "hold_ee_acc_rms_std": 1.4753088749672626e-07,
  "hold_ee_jerk_rms_mean": 0.003867207636965473,
  "hold_ee_jerk_rms_std": 4.363724134355511e-06,
  "hold_joint_acc_rms_mean": 0.0,
  "hold_joint_acc_rms_std": 0.0,
  "hold_vibration_index_mean": 6.048330046375648e-05,
  "hold_vibration_index_std": 1.1893782544137998e-07,
  "joint_acc_rms_mean": 0.0,
  "joint_acc_rms_std": 0.0,
  "mean_error_m_mean": 0.01612018866060568,
  "mean_error_m_std": 3.798385138612622e-09,
  "min_error_m_mean": 8.094567948749933e-05,
  "min_error_m_std": 1.16575948274726e-09,
  "qualified_action_delta_mean_mean": 8.224796894559672e-05,
  "qualified_action_delta_mean_std": 1.4264487617846848e-09,
  "qualified_ee_acc_p2p_mean": 0.000338610300044148,
  "qualified_ee_acc_p2p_std": 6.247415242628021e-07,
  "qualified_ee_acc_rms_mean": 0.00013340733088038393,
  "qualified_ee_acc_rms_std": 1.4753088749672626e-07,
  "qualified_ee_jerk_rms_mean": 0.003867207636965473,
  "qualified_ee_jerk_rms_std": 4.363724134355511e-06,
  "qualified_joint_acc_rms_mean": 0.0,
  "qualified_joint_acc_rms_std": 0.0,
  "qualified_vibration_index_mean": 6.048330046375648e-05,
  "qualified_vibration_index_std": 1.1893782544137998e-07,
  "reward_sum_mean": 32.27459982757525,
  "reward_sum_std": 1.8947036782492295e-07,
  "success_10mm_mean": 1.0,
  "success_10mm_std": 0.0,
  "success_20mm_mean": 1.0,
  "success_20mm_std": 0.0,
  "success_30mm_mean": 1.0,
  "success_30mm_std": 0.0,
  "success_50mm_mean": 1.0,
  "success_50mm_std": 0.0,
  "success_5mm_mean": 1.0,
  "success_5mm_std": 0.0,
  "vibration_index_mean": 0.2440236607871239,
  "vibration_index_std": 1.717354232586496e-07
}