{
  "action_delta_mean_mean": 0.06612739631273389,
  "action_delta_mean_std": 0.0,
  "ee_acc_p2p_mean": 26.3512177689715,
  "ee_acc_p2p_std": 3.552713678800501e-15,
  "ee_acc_peak_mean": 19.934325430957447,
  "ee_acc_peak_std": 0.0,
  "ee_acc_rms_mean": 3.606822054147094,
  "ee_acc_rms_std": 4.440892098500626e-16,
  "ee_jerk_rms_mean": 100.38926819908794,
  "ee_jerk_rms_std": 0.0,
  "episode_mean": 4.5,
  "episode_std": 2.8722813232690143,
  "final_error_m_mean": 0.08790607845979093,
  "final_error_m_std": 0.0,
  "hold_5mm_mean": 0.0,
  "hold_5mm_std": 0.0,
  "joint_acc_rms_mean": 0.0,
  "joint_acc_rms_std": 0.0,
  "mean_error_m_mean": 0.08772223909053545,
  "mean_error_m_std": 0.0,
  "min_error_m_mean": 0.07523870222464205,
  "min_error_m_std": 1.3877787807814457e-17,
  "reward_sum_mean": -4.429167560131718,
  "reward_sum_std": 0.0,
  "success_10mm_mean": 0.0,
  "success_10mm_std": 0.0,
  "success_20mm_mean": 0.0,
  "success_20mm_std": 0.0,
  "success_30mm_mean": 0.0,
  "success_30mm_std": 0.0,
  "success_50mm_mean": 0.0,
  "success_50mm_std": 0.0,
  "success_5mm_mean": 0.0,
  "success_5mm_std": 0.0,
  "vibration_index_mean": 2.079340434991198,
  "vibration_index_std": 0.0
}