{
  "action_delta_mean_mean": 0.11913171396817451,
  "action_delta_mean_std": 5.510081248518296e-07,
  "ee_acc_p2p_mean": 27.80284224035184,
  "ee_acc_p2p_std": 7.105427357601002e-15,
  "ee_acc_peak_mean": 19.43944998832945,
  "ee_acc_peak_std": 0.0,
  "ee_acc_rms_mean": 4.75379581498989,
  "ee_acc_rms_std": 5.4272585472224634e-05,
  "ee_jerk_rms_mean": 107.24210048643664,
  "ee_jerk_rms_std": 0.001191065571547094,
  "episode_mean": 14.5,
  "episode_std": 8.65544144839919,
  "final_error_m_mean": 0.0028501201920835212,
  "final_error_m_std": 2.4740995192317e-09,
  "hold_5mm_mean": 1.0,
  "hold_5mm_std": 0.0,
  "joint_acc_rms_mean": 0.0,
  "joint_acc_rms_std": 0.0,
  "mean_error_m_mean": 0.007269158649836758,
  "mean_error_m_std": 1.250158723378643e-07,
  "min_error_m_mean": 0.001312161210531442,
  "min_error_m_std": 4.2237027622083863e-07,
  "reward_sum_mean": 43.52850775572632,
  "reward_sum_std": 3.765144332168051e-06,
  "success_10mm_mean": 1.0,
  "success_10mm_std": 0.0,
  "success_20mm_mean": 1.0,
  "success_20mm_std": 0.0,
  "success_30mm_mean": 1.0,
  "success_30mm_std": 0.0,
  "success_50mm_mean": 1.0,
  "success_50mm_std": 0.0,
  "success_5mm_mean": 1.0,
  "success_5mm_std": 0.0,
  "vibration_index_mean": 2.7423987948654354,
  "vibration_index_std": 3.1359507176867746e-05
}