{
  "action_delta_mean_mean": 0.03772769738252997,
  "action_delta_mean_std": 6.619495697781438e-09,
  "ee_acc_p2p_mean": 14.864717312978938,
  "ee_acc_p2p_std": 3.819157750187928e-07,
  "ee_acc_peak_mean": 11.014785916596265,
  "ee_acc_peak_std": 1.7763568394002505e-15,
  "ee_acc_rms_mean": 2.614551235766638,
  "ee_acc_rms_std": 3.2355584417366196e-08,
  "ee_jerk_rms_mean": 51.34475812766867,
  "ee_jerk_rms_std": 1.1166837185092259e-06,
  "episode_mean": 14.5,
  "episode_std": 8.65544144839919,
  "final_error_m_mean": 0.0010930635685041034,
  "final_error_m_std": 1.6926590988528375e-09,
  "hold_5mm_mean": 1.0,
  "hold_5mm_std": 0.0,
  "joint_acc_rms_mean": 0.0,
  "joint_acc_rms_std": 0.0,
  "mean_error_m_mean": 0.005667247258273602,
  "mean_error_m_std": 4.2424233988479355e-10,
  "min_error_m_mean": 0.0010865450217854371,
  "min_error_m_std": 1.6491500727960292e-09,
  "reward_sum_mean": 46.510257220493564,
  "reward_sum_std": 1.8820871545561125e-08,
  "success_10mm_mean": 1.0,
  "success_10mm_std": 0.0,
  "success_20mm_mean": 1.0,
  "success_20mm_std": 0.0,
  "success_30mm_mean": 1.0,
  "success_30mm_std": 0.0,
  "success_50mm_mean": 1.0,
  "success_50mm_std": 0.0,
  "success_5mm_mean": 1.0,
  "success_5mm_std": 0.0,
  "vibration_index_mean": 1.5082237415143993,
  "vibration_index_std": 1.859677302498094e-08
}