{
  "action_delta_mean_mean": 0.9351745266898344,
  "action_delta_mean_std": 3.937624052306871e-06,
  "ee_acc_p2p_mean": 27.80284224035184,
  "ee_acc_p2p_std": 7.105427357601002e-15,
  "ee_acc_peak_mean": 19.43944998832945,
  "ee_acc_peak_std": 0.0,
  "ee_acc_rms_mean": 12.069723334577182,
  "ee_acc_rms_std": 0.00011235463824376905,
  "ee_jerk_rms_mean": 271.54546292712155,
  "ee_jerk_rms_std": 0.004050366221552676,
  "episode_mean": 14.5,
  "episode_std": 8.65544144839919,
  "final_error_m_mean": 0.0034652560415219954,
  "final_error_m_std": 5.738040793416346e-07,
  "hold_5mm_mean": 0.125,
  "hold_5mm_std": 0.0,
  "joint_acc_rms_mean": 0.0,
  "joint_acc_rms_std": 0.0,
  "mean_error_m_mean": 0.031432971881498614,
  "mean_error_m_std": 5.598593002090246e-07,
  "min_error_m_mean": 0.0034652560415219954,
  "min_error_m_std": 5.738040793416346e-07,
  "reward_sum_mean": 0.6482018125511968,
  "reward_sum_std": 2.1456438401401256e-06,
  "success_10mm_mean": 1.0,
  "success_10mm_std": 0.0,
  "success_20mm_mean": 1.0,
  "success_20mm_std": 0.0,
  "success_30mm_mean": 1.0,
  "success_30mm_std": 0.0,
  "success_50mm_mean": 1.0,
  "success_50mm_std": 0.0,
  "success_5mm_mean": 1.0,
  "success_5mm_std": 0.0,
  "vibration_index_mean": 6.947215963727065,
  "vibration_index_std": 7.388069286915055e-05
}