{
  "action_delta_mean_mean": 0.11361912658414396,
  "action_delta_mean_std": 0.015233743281584337,
  "ee_acc_p2p_mean": 39.047214568969274,
  "ee_acc_p2p_std": 6.639688744236833,
  "ee_acc_peak_mean": 39.18948340926839,
  "ee_acc_peak_std": 8.225537397640558,
  "ee_acc_rms_mean": 6.5685592641504345,
  "ee_acc_rms_std": 1.3460581774291753,
  "ee_jerk_rms_mean": 134.5781974788386,
  "ee_jerk_rms_std": 29.260188873130353,
  "episode_mean": 14.5,
  "episode_std": 8.65544144839919,
  "final_error_m_mean": 0.01339063947906396,
  "final_error_m_std": 0.006529794746282326,
  "hold_5mm_mean": 0.04000000000000001,
  "hold_5mm_std": 0.066332495807108,
  "joint_acc_rms_mean": 0.0,
  "joint_acc_rms_std": 0.0,
  "mean_error_m_mean": 0.059869400923925085,
  "mean_error_m_std": 0.014549790078789598,
  "min_error_m_mean": 0.008349156551915933,
  "min_error_m_std": 0.005540705645216125,
  "reward_sum_mean": -2.319368916865242,
  "reward_sum_std": 1.3782098519194208,
  "success_10mm_mean": 0.4,
  "success_10mm_std": 0.4898979485566357,
  "success_20mm_mean": 0.8,
  "success_20mm_std": 0.4,
  "success_30mm_mean": 0.9666666666666667,
  "success_30mm_std": 0.17950549357115012,
  "success_50mm_mean": 1.0,
  "success_50mm_std": 0.0,
  "success_5mm_mean": 0.03333333333333333,
  "success_5mm_std": 0.17950549357115014,
  "vibration_index_mean": 3.785787862009197,
  "vibration_index_std": 0.7760211501358542
}