{
  "action_delta_mean_mean": 0.09072244164290968,
  "action_delta_mean_std": 0.018076431508819536,
  "ee_acc_p2p_mean": 40.134467688403404,
  "ee_acc_p2p_std": 6.140857047627625,
  "ee_acc_peak_mean": 39.18948340926839,
  "ee_acc_peak_std": 8.225537397640558,
  "ee_acc_rms_mean": 6.673702013498814,
  "ee_acc_rms_std": 1.3377187611971642,
  "ee_jerk_rms_mean": 139.7488063333799,
  "ee_jerk_rms_std": 29.909486756609915,
  "episode_mean": 14.5,
  "episode_std": 8.65544144839919,
  "final_error_m_mean": 0.0018921558388358382,
  "final_error_m_std": 0.0009063907158125764,
  "hold_5mm_mean": 1.0,
  "hold_5mm_std": 0.0,
  "joint_acc_rms_mean": 0.0,
  "joint_acc_rms_std": 0.0,
  "mean_error_m_mean": 0.017975599854964244,
  "mean_error_m_std": 0.005094329395387569,
  "min_error_m_mean": 0.001349909724549962,
  "min_error_m_std": 0.0008255669683217267,
  "reward_sum_mean": 29.239104708340253,
  "reward_sum_std": 2.9005711445769653,
  "success_10mm_mean": 1.0,
  "success_10mm_std": 0.0,
  "success_20mm_mean": 1.0,
  "success_20mm_std": 0.0,
  "success_30mm_mean": 1.0,
  "success_30mm_std": 0.0,
  "success_50mm_mean": 1.0,
  "success_50mm_std": 0.0,
  "success_5mm_mean": 1.0,
  "success_5mm_std": 0.0,
  "vibration_index_mean": 3.8466512524086096,
  "vibration_index_std": 0.7710312451764155
}