{
  "action_delta_mean_mean": 0.12200057115657147,
  "action_delta_mean_std": 0.07116059987847362,
  "ee_acc_p2p_mean": 43.99873895039529,
  "ee_acc_p2p_std": 6.473587911492727,
  "ee_acc_peak_mean": 38.216398101005446,
  "ee_acc_peak_std": 8.227668678784331,
  "ee_acc_rms_mean": 7.004887535676497,
  "ee_acc_rms_std": 1.3194617434524467,
  "ee_jerk_rms_mean": 157.64328389715843,
  "ee_jerk_rms_std": 28.58780075882666,
  "episode_mean": 24.5,
  "episode_std": 14.430869689661812,
  "final_error_m_mean": 0.0018577761153497027,
  "final_error_m_std": 0.0007973365281985386,
  "hold_5mm_mean": 1.0,
  "hold_5mm_std": 0.0,
  "joint_acc_rms_mean": 0.0,
  "joint_acc_rms_std": 0.0,
  "mean_error_m_mean": 0.009788977018950828,
  "mean_error_m_std": 0.0035571981691224957,
  "min_error_m_mean": 0.0013937013010720616,
  "min_error_m_std": 0.0007419655651556424,
  "reward_sum_mean": 44.71481780986129,
  "reward_sum_std": 2.6892485061895663,
  "success_10mm_mean": 1.0,
  "success_10mm_std": 0.0,
  "success_20mm_mean": 1.0,
  "success_20mm_std": 0.0,
  "success_30mm_mean": 1.0,
  "success_30mm_std": 0.0,
  "success_50mm_mean": 1.0,
  "success_50mm_std": 0.0,
  "success_5mm_mean": 1.0,
  "success_5mm_std": 0.0,
  "vibration_index_mean": 4.03843137121436,
  "vibration_index_std": 0.7606816822979253
}