{
  "action_delta_mean_mean": 0.02033451522828963,
  "action_delta_mean_std": 0.002958449310018679,
  "ee_acc_p2p_mean": 11.04206042989901,
  "ee_acc_p2p_std": 4.7976882017608355,
  "ee_acc_peak_mean": 10.777994030220027,
  "ee_acc_peak_std": 3.0764104282271068,
  "ee_acc_rms_mean": 1.7182457670463065,
  "ee_acc_rms_std": 0.5134251926963581,
  "ee_jerk_rms_mean": 34.57217686393134,
  "ee_jerk_rms_std": 10.255367678032433,
  "episode_mean": 14.5,
  "episode_std": 8.65544144839919,
  "final_error_m_mean": 0.00020627797371602314,
  "final_error_m_std": 0.0007953483298630987,
  "hold_5mm_mean": 1.0,
  "hold_5mm_std": 0.0,
  "joint_acc_rms_mean": 0.0,
  "joint_acc_rms_std": 0.0,
  "mean_error_m_mean": 0.017155800538362537,
  "mean_error_m_std": 0.007934780764842327,
  "min_error_m_mean": 0.00020566344696077013,
  "min_error_m_std": 0.0007954789310888872,
  "reward_sum_mean": 35.05267189498612,
  "reward_sum_std": 2.8005349730296816,
  "success_10mm_mean": 1.0,
  "success_10mm_std": 0.0,
  "success_20mm_mean": 1.0,
  "success_20mm_std": 0.0,
  "success_30mm_mean": 1.0,
  "success_30mm_std": 0.0,
  "success_50mm_mean": 1.0,
  "success_50mm_std": 0.0,
  "success_5mm_mean": 1.0,
  "success_5mm_std": 0.0,
  "vibration_index_mean": 0.9901497314261236,
  "vibration_index_std": 0.2959221539704239
}