{
  "action_delta_mean_mean": 0.07164923872468165,
  "action_delta_mean_std": 0.03394431733143051,
  "ee_acc_p2p_mean": 38.04125210760832,
  "ee_acc_p2p_std": 10.65746250433614,
  "ee_acc_peak_mean": 32.648232091516576,
  "ee_acc_peak_std": 11.647196279630691,
  "ee_acc_rms_mean": 5.9000096803302515,
  "ee_acc_rms_std": 1.6901105669300027,
  "ee_jerk_rms_mean": 126.47861213977893,
  "ee_jerk_rms_std": 41.10233933178993,
  "episode_mean": 14.5,
  "episode_std": 8.65544144839919,
  "final_error_m_mean": 0.0016392636369242208,
  "final_error_m_std": 0.0013569919067257725,
  "hold_5mm_mean": 0.9666666666666667,
  "hold_5mm_std": 0.17950549357115012,
  "joint_acc_rms_mean": 0.0,
  "joint_acc_rms_std": 0.0,
  "mean_error_m_mean": 0.010055194140055818,
  "mean_error_m_std": 0.004749190867661865,
  "min_error_m_mean": 0.0012118669214653366,
  "min_error_m_std": 0.0007475503156208727,
  "reward_sum_mean": 43.60180260482236,
  "reward_sum_std": 8.517270213527397,
  "success_10mm_mean": 1.0,
  "success_10mm_std": 0.0,
  "success_20mm_mean": 1.0,
  "success_20mm_std": 0.0,
  "success_30mm_mean": 1.0,
  "success_30mm_std": 0.0,
  "success_50mm_mean": 1.0,
  "success_50mm_std": 0.0,
  "success_5mm_mean": 0.9666666666666667,
  "success_5mm_std": 0.17950549357115012,
  "vibration_index_mean": 3.4013288929200045,
  "vibration_index_std": 0.9737161513501134
}