{
  "action_delta_mean_mean": 0.001585119211687598,
  "action_delta_mean_std": 1.0071395563740746e-05,
  "ee_acc_p2p_mean": 0.0757191182680613,
  "ee_acc_p2p_std": 0.0,
  "ee_acc_peak_mean": 0.07096656666644606,
  "ee_acc_peak_std": 0.0,
  "ee_acc_rms_mean": 0.006071295800642674,
  "ee_acc_rms_std": 1.1115015618039826e-06,
  "ee_jerk_rms_mean": 0.08178941973339321,
  "ee_jerk_rms_std": 2.513480285286016e-05,
  "episode_mean": 14.5,
  "episode_std": 8.65544144839919,
  "final_error_m_mean": 0.00018279640476989955,
  "final_error_m_std": 4.858276179847917e-06,
  "hold_5mm_mean": 1.0,
  "hold_5mm_std": 0.0,
  "hold_action_delta_mean_mean": 0.00016431015191646653,
  "hold_action_delta_mean_std": 3.335919522452337e-05,
  "hold_ee_acc_p2p_mean": 0.0004942351290440292,
  "hold_ee_acc_p2p_std": 0.0001462168752035786,
  "hold_ee_acc_rms_mean": 0.0001775522736843525,
  "hold_ee_acc_rms_std": 4.173984222859489e-05,
  "hold_ee_jerk_rms_mean": 0.00330618886838945,
  "hold_ee_jerk_rms_std": 0.0007911932993175717,
  "hold_joint_acc_rms_mean": 0.00035318225782063464,
  "hold_joint_acc_rms_std": 7.581280478986165e-05,
  "hold_vibration_index_mean": 0.00010010635556874721,
  "hold_vibration_index_std": 2.3793765843324156e-05,
  "joint_acc_rms_mean": 0.005718924592497658,
  "joint_acc_rms_std": 1.6620047994182152e-06,
  "mean_error_m_mean": 0.006670445245777165,
  "mean_error_m_std": 3.1240736317895063e-07,
  "min_error_m_mean": 8.447556268147998e-05,
  "min_error_m_std": 5.606173786469961e-06,
  "qualified_action_delta_mean_mean": 0.00016431015191646653,
  "qualified_action_delta_mean_std": 3.335919522452337e-05,
  "qualified_ee_acc_p2p_mean": 0.0004942351290440292,
  "qualified_ee_acc_p2p_std": 0.0001462168752035786,
  "qualified_ee_acc_rms_mean": 0.0001775522736843525,
  "qualified_ee_acc_rms_std": 4.173984222859489e-05,
  "qualified_ee_jerk_rms_mean": 0.00330618886838945,
  "qualified_ee_jerk_rms_std": 0.0007911932993175717,
  "qualified_joint_acc_rms_mean": 0.00035318225782063464,
  "qualified_joint_acc_rms_std": 7.581280478986165e-05,
  "qualified_vibration_index_mean": 0.00010010635556874721,
  "qualified_vibration_index_std": 2.3793765843324156e-05,
  "reward_sum_mean": 126.848762525601,
  "reward_sum_std": 5.646735496830918e-05,
  "success_10mm_mean": 1.0,
  "success_10mm_std": 0.0,
  "success_20mm_mean": 1.0,
  "success_20mm_std": 0.0,
  "success_30mm_mean": 1.0,
  "success_30mm_std": 0.0,
  "success_50mm_mean": 1.0,
  "success_50mm_std": 0.0,
  "success_5mm_mean": 1.0,
  "success_5mm_std": 0.0,
  "vibration_index_mean": 0.00350343095073877,
  "vibration_index_std": 6.388999651388749e-07
}