{
  "action_delta_mean_mean": 0.002972695511742105,
  "action_delta_mean_std": 0.0007836425857887506,
  "ee_acc_p2p_mean": 0.1356980493713936,
  "ee_acc_p2p_std": 0.42624574992563147,
  "ee_acc_peak_mean": 0.10193606213133379,
  "ee_acc_peak_std": 0.2113062981312259,
  "ee_acc_rms_mean": 0.011582912432503539,
  "ee_acc_rms_std": 0.03019319210032977,
  "ee_jerk_rms_mean": 0.1750130751005843,
  "ee_jerk_rms_std": 0.5284070526568027,
  "episode_mean": 14.5,
  "episode_std": 8.65544144839919,
  "final_error_m_mean": 0.0005381460994935349,
  "final_error_m_std": 0.0012941051255383094,
  "hold_5mm_mean": 0.9600000000000001,
  "hold_5mm_std": 0.1818424226264781,
  "hold_action_delta_mean_mean": 0.0007541733110414439,
  "hold_action_delta_mean_std": 0.0014474902065181865,
  "hold_ee_acc_p2p_mean": 0.000997137140173658,
  "hold_ee_acc_p2p_std": 0.0013591830944088145,
  "hold_ee_acc_rms_mean": 0.00040807661101542267,
  "hold_ee_acc_rms_std": 0.0006490900148109396,
  "hold_ee_jerk_rms_mean": 0.005416776023628092,
  "hold_ee_jerk_rms_std": 0.006128012566945267,
  "hold_joint_acc_rms_mean": 0.0033955514366522986,
  "hold_joint_acc_rms_std": 0.013878030243476898,
  "hold_vibration_index_mean": 0.00020651061750686807,
  "hold_vibration_index_std": 0.0002992052712235778,
  "joint_acc_rms_mean": 0.11820450620099594,
  "joint_acc_rms_std": 0.5867781866108587,
  "mean_error_m_mean": 0.04645642229980757,
  "mean_error_m_std": 0.02618230684040529,
  "min_error_m_mean": 0.000489540849486888,
  "min_error_m_std": 0.0013076700724761875,
  "qualified_action_delta_mean_mean": 0.007686346081237344,
  "qualified_action_delta_mean_std": 0.037297779732519,
  "qualified_ee_acc_p2p_mean": 0.007929309910369556,
  "qualified_ee_acc_p2p_std": 0.03729491893443811,
  "qualified_ee_acc_rms_mean": 0.007340249381211321,
  "qualified_ee_acc_rms_std": 0.03730933767384484,
  "qualified_ee_jerk_rms_mean": 0.012348948793823988,
  "qualified_ee_jerk_rms_std": 0.03751448633103975,
  "qualified_joint_acc_rms_mean": 0.010327724206848195,
  "qualified_joint_acc_rms_std": 0.039339336325900316,
  "qualified_vibration_index_mean": 0.0071386833877027656,
  "qualified_vibration_index_std": 0.037314457535888995,
  "reward_sum_mean": 53.26677314897356,
  "reward_sum_std": 44.2735196558633,
  "success_10mm_mean": 1.0,
  "success_10mm_std": 0.0,
  "success_20mm_mean": 1.0,
  "success_20mm_std": 0.0,
  "success_30mm_mean": 1.0,
  "success_30mm_std": 0.0,
  "success_50mm_mean": 1.0,
  "success_50mm_std": 0.0,
  "success_5mm_mean": 0.9666666666666667,
  "success_5mm_std": 0.17950549357115012,
  "vibration_index_mean": 0.006685945894899824,
  "vibration_index_std": 0.0174322827293542
}