{
  "action_delta_mean_mean": 0.003954324036851336,
  "action_delta_mean_std": 0.0,
  "ee_acc_p2p_mean": 3.599416086864958,
  "ee_acc_p2p_std": 1.3322676295501878e-15,
  "ee_acc_peak_mean": 2.0859788062747264,
  "ee_acc_peak_std": 8.881784197001252e-16,
  "ee_acc_rms_mean": 0.23670813144624517,
  "ee_acc_rms_std": 0.0,
  "ee_jerk_rms_mean": 4.000422675829728,
  "ee_jerk_rms_std": 8.881784197001252e-16,
  "episode_mean": 14.5,
  "episode_std": 8.65544144839919,
  "final_error_m_mean": 0.23617583089005148,
  "final_error_m_std": 2.7755575615628914e-17,
  "hold_5mm_mean": 0.0,
  "hold_5mm_std": 0.0,
  "hold_action_delta_mean_mean": 0.0006815457466364803,
  "hold_action_delta_mean_std": 1.0842021724855044e-19,
  "hold_ee_acc_p2p_mean": 0.0026063456034724456,
  "hold_ee_acc_p2p_std": 8.673617379884035e-19,
  "hold_ee_acc_rms_mean": 0.0034906394501160406,
  "hold_ee_acc_rms_std": 8.673617379884035e-19,
  "hold_ee_jerk_rms_mean": 0.012872701066212903,
  "hold_ee_jerk_rms_std": 3.469446951953614e-18,
  "hold_joint_acc_rms_mean": 0.046898558481847624,
  "hold_joint_acc_rms_std": 2.0816681711721685e-17,
  "hold_vibration_index_mean": 0.0005436134582306034,
  "hold_vibration_index_std": 1.0842021724855044e-19,
  "joint_acc_rms_mean": 7.778417144973698,
  "joint_acc_rms_std": 1.7763568394002505e-15,
  "mean_error_m_mean": 0.14777159599421485,
  "mean_error_m_std": 0.0,
  "min_error_m_mean": 0.05618262583787629,
  "min_error_m_std": 1.3877787807814457e-17,
  "qualified_action_delta_mean_mean": 23.11826463475178,
  "qualified_action_delta_mean_std": 7.105427357601002e-15,
  "qualified_ee_acc_p2p_mean": 23.120189434608623,
  "qualified_ee_acc_p2p_std": 0.0,
  "qualified_ee_acc_rms_mean": 23.121073728455265,
  "qualified_ee_acc_rms_std": 3.552713678800501e-15,
  "qualified_ee_jerk_rms_mean": 23.13045579007136,
  "qualified_ee_jerk_rms_std": 7.105427357601002e-15,
  "qualified_joint_acc_rms_mean": 23.164481647487005,
  "qualified_joint_acc_rms_std": 7.105427357601002e-15,
  "qualified_vibration_index_mean": 23.11812670246339,
  "qualified_vibration_index_std": 7.105427357601002e-15,
  "reward_sum_mean": -27.085825032289552,
  "reward_sum_std": 3.552713678800501e-15,
  "success_10mm_mean": 0.0,
  "success_10mm_std": 0.0,
  "success_20mm_mean": 0.0,
  "success_20mm_std": 0.0,
  "success_30mm_mean": 0.0,
  "success_30mm_std": 0.0,
  "success_50mm_mean": 0.0,
  "success_50mm_std": 0.0,
  "success_5mm_mean": 0.0,
  "success_5mm_std": 0.0,
  "vibration_index_mean": 0.13666339102247577,
  "vibration_index_std": 2.7755575615628914e-17
}