{
  "action_delta_mean_mean": 0.004861452436706881,
  "action_delta_mean_std": 0.0022727623227335324,
  "ee_acc_p2p_mean": 3.3069187039325336,
  "ee_acc_p2p_std": 0.9301225966048563,
  "ee_acc_peak_mean": 1.85310520506296,
  "ee_acc_peak_std": 0.5204023758116172,
  "ee_acc_rms_mean": 0.22519424647370956,
  "ee_acc_rms_std": 0.04704909174466427,
  "ee_jerk_rms_mean": 3.8129618395264964,
  "ee_jerk_rms_std": 0.8077393937171825,
  "episode_mean": 14.5,
  "episode_std": 8.65544144839919,
  "final_error_m_mean": 0.27235990439641444,
  "final_error_m_std": 0.06295751690059019,
  "hold_5mm_mean": 0.0,
  "hold_5mm_std": 0.0,
  "hold_action_delta_mean_mean": 0.001491764988526997,
  "hold_action_delta_mean_std": 0.0029115604330741435,
  "hold_ee_acc_p2p_mean": 0.014686538768428344,
  "hold_ee_acc_p2p_std": 0.03960540176152941,
  "hold_ee_acc_rms_mean": 0.008635049847662725,
  "hold_ee_acc_rms_std": 0.018379587587498924,
  "hold_ee_jerk_rms_mean": 0.08308536868427668,
  "hold_ee_jerk_rms_std": 0.26875356442752074,
  "hold_joint_acc_rms_mean": 0.6053654951837321,
  "hold_joint_acc_rms_std": 1.5874137345898085,
  "hold_vibration_index_mean": 0.003539177085802668,
  "hold_vibration_index_std": 0.009256712792209576,
  "joint_acc_rms_mean": 7.475475200598577,
  "joint_acc_rms_std": 1.5974191647743603,
  "mean_error_m_mean": 0.19773076885988694,
  "mean_error_m_std": 0.05641424556526491,
  "min_error_m_mean": 0.13951785694852664,
  "min_error_m_std": 0.05609697497015871,
  "qualified_action_delta_mean_mean": 26.737482204629966,
  "qualified_action_delta_mean_std": 6.296591161205265,
  "qualified_ee_acc_p2p_mean": 26.750676978409878,
  "qualified_ee_acc_p2p_std": 6.310068722402997,
  "qualified_ee_acc_rms_mean": 26.74462548948911,
  "qualified_ee_acc_rms_std": 6.302903641395868,
  "qualified_ee_jerk_rms_mean": 26.819075808325717,
  "qualified_ee_jerk_rms_std": 6.3864160721804994,
  "qualified_joint_acc_rms_mean": 27.341355934825177,
  "qualified_joint_acc_rms_std": 7.151218546638714,
  "qualified_vibration_index_mean": 26.73952961672725,
  "qualified_vibration_index_std": 6.29923486883865,
  "reward_sum_mean": -35.986257775491126,
  "reward_sum_std": 10.183010693058815,
  "success_10mm_mean": 0.0,
  "success_10mm_std": 0.0,
  "success_20mm_mean": 0.0,
  "success_20mm_std": 0.0,
  "success_30mm_mean": 0.0,
  "success_30mm_std": 0.0,
  "success_50mm_mean": 0.0,
  "success_50mm_std": 0.0,
  "success_5mm_mean": 0.0,
  "success_5mm_std": 0.0,
  "vibration_index_mean": 0.13001553460984389,
  "vibration_index_std": 0.027163889021053482
}